cx,cy,ix,iy,ox,oy
-7.170713246509071,2.5800232878305307,-4.994157935982824,3.468174648392328,-8.037653994410402,4.878343656700084
-7.122642950537954,2.7335412405652497,-4.931454152461458,3.569672747995684,-7.940537907668894,5.0512727552493715
-7.075126484875793,2.8836146672073757,-4.86765419758154,3.6678759125860694,-7.844231828434273,5.225061440300405
-7.027931815181003,3.0304133978956416,-4.803409032351247,3.7637738015588944,-7.7485186402038915,5.399488149663687
-6.980826907112001,3.1741072627687834,-4.739369617778767,3.858356074309575,-7.6531812264751045,5.574331321149709
-6.933579726327198,3.3148660919655306,-4.67618691487228,3.9526123902335244,-7.558002470745253,5.749369392568965
-6.885958238485011,3.452859715624619,-4.614511884639969,4.047532408726157,-7.462765256511691,5.924380801731949
-6.837730409243852,3.5882579638847805,-4.55499548809002,4.144105789182888,-7.36725246727177,6.09914398644916
-6.788664204262137,3.721230666884749,-4.498288686230612,4.243322190999129,-7.271246986522838,6.273437384531091
-6.738527589198279,3.851947654763258,-4.4450424400699315,4.346171273570297,-7.174531697762245,6.447039433788235
-6.687088529710694,3.9805787576590403,-4.395907710616162,4.453642696291803,-7.076889484487342,6.61972857203109
-6.634087653730146,4.107270706295131,-4.351322502511654,4.566416094577336,-6.978155625330107,6.7913758928234245
-6.579113716188703,4.232041904067028,-4.308546476219592,4.680544038977394,-6.878421523208542,6.962305420880385
-6.521703035944495,4.3548664477371055,-4.26239673983885,4.78852320817416,-6.777856721882096,7.132979365475228
-6.4613918821859135,4.475718392098561,-4.207627809393859,4.882759158689345,-6.676630784217267,7.303859969670183
-6.3977165241013525,4.594571791944588,-4.138994200909057,4.955657447044658,-6.574913273080554,7.475409476527485
-6.330213230879199,4.711400702068383,-4.051780959443832,5.00026528813999,-6.472873751338449,7.648090129109361
-6.258418271707846,4.826179177263141,-3.9477857253897746,5.01750667850882,-6.370681781857456,7.822364170478049
-6.181867915775686,4.938881272322057,-3.8331777548485255,5.013592948009905,-6.268506927504068,7.998693843695777
-6.10009974661334,5.0494794074821305,-3.7142013487106884,4.994818003203993,-6.166518751144784,8.177541391824779
-6.012852378716344,5.15769599472388,-3.596230213213518,4.965203389484972,-6.063812237166291,8.355793568142223
-5.920279773405777,5.262736908012252,-3.48285140413985,4.924107270619304,-5.9531768367344124,8.509356462302938
-5.8225872841808775,5.363744108427595,-3.3774326645964483,4.870315376799938,-5.8251092930147665,8.606507541028313
-5.7199802645409,5.459859557050264,-3.2833417376900753,4.802613438219814,-5.672388964085485,8.623133562389572
-5.612664067985082,5.550225214960606,-3.203946346763486,4.7197871994532985,-5.5020657868825005,8.582693332645688
-5.5008440480126755,5.63398304323897,-3.141018109489538,4.6217838220132395,-5.3246355534537235,8.519823430694013
-5.384725558122921,5.710275002965707,-3.090381807179015,4.512877722563344,-5.143285252253711,8.443692188067242
-5.2645139518150685,5.778243055221171,-3.046477506497155,4.39835091461672,-4.959569295686348,8.357779453952231
-5.140414582588359,5.837029161085708,-3.0037452741091997,4.283485411686481,-4.775042096155528,8.265565077535841
-5.012632985415299,5.885775660683583,-2.956625176680389,4.173563227285742,-4.591258066033579,8.170528907943131
-4.881502272614962,5.9238913654491,-2.9002231598209756,4.0732197617437125,-4.4094629243546395,8.075546253214993
-4.747706550260618,5.951518208863753,-2.834047005984249,3.982815936135706,-4.229684895869044,7.9811080961632825
-4.611989762609893,5.968923108662158,-2.759391038123107,3.9009778207067667,-4.051652091243092,7.887117680017287
-4.475095853920417,5.976372982578933,-2.6775547026272157,3.8263265105006843,-3.8750926211430947,7.79347824800629
-4.337768768449818,5.974134748348698,-2.5898374458862428,3.7574831005612457,-3.6997345962353547,7.700093043359583
-4.200752450455723,5.962475323706069,-2.497538714289858,3.6930686859322446,-3.5253061271861736,7.606865309306451
-4.064790844195761,5.941661626385663,-2.4019579542277274,3.631704361657467,-3.3515353246618584,7.513698289076176
-3.930627893927561,5.911960574122105,-2.304394612089519,3.5720112227807026,-3.1781502993287125,7.42049522589805
-3.7989867329359686,5.873654312193279,-2.2061465296636795,3.5126121187317536,-3.004879161853039,7.327159363001353
-3.6700626583663265,5.827411207498661,-2.108138140105634,3.452538164168187,-2.831489676455474,7.23360846227048
-3.543494268601187,5.774306967555035,-2.010443808627365,3.3917498930267356,-2.657936828078097,7.139828834125501
-3.4188935733962356,5.715436754974833,-1.9130202080049716,3.3303365179218485,-2.4842308031047566,7.045827000306943
-3.295872582507166,5.6518957323704875,-1.8158240110145512,3.268387251467972,-2.3103817958157156,6.95160948544652
-3.174043305689668,5.584779062354427,-1.7188118904321998,3.2059913062795533,-2.136400000491237,6.857182814175944
-3.053017752699434,5.515181907539086,-1.6219405190340166,3.143237894971041,-1.9622956114115824,6.76255351112692
-2.93240793329215,5.44419943053689,-1.5251665695960976,3.0802162301568807,-1.7880788228570157,6.6677281009311615
-2.8118258572235124,5.372926793960276,-1.4284467148945423,3.0170155244515207,-1.6137598291077992,6.572713108220374
-2.690883534249207,5.30245916042167,-1.331737627705447,2.9537249904694076,-1.4393488244441952,6.477515057626273
-2.5691979396103406,5.233878369239791,-1.2349959808049078,2.8904338408249894,-1.2648560031464675,6.382140473780562
-2.4466108895652803,5.167662970696397,-1.1381784469690246,2.827231288132712,-1.0902915594948792,6.286595881314956
-2.3232761387191863,5.1034545281786174,-1.0412416989738928,2.7642065450070246,-0.9156656877696895,6.190887804861162
-2.1993704141117405,5.040832965884849,-0.9441424095956115,2.7014488240623726,-0.740988582251166,6.095022769050891
-2.075070442782624,4.979378208013492,-0.8468372516102778,2.6390473379132047,-0.5662704372195695,5.999007298515851
-1.9505529517715188,4.918670178762941,-0.749282897793988,2.577091299173967,-0.39152144695516106,5.902847917887754
-1.8259946681181038,4.858288802331594,-0.6514360209228413,2.515669920459107,-0.2167518057382061,5.806551151798307
-1.7015723188620624,4.79781400291785,-0.5532532937729343,2.4548724143830736,-0.04197170784896606,5.710123524879224
-1.5774626310430737,4.736825704720104,-0.4546913891203638,2.394787993560311,0.13280865243229684,5.613571561762211
-1.453829371396498,4.67493338014383,-0.35570699821504553,2.335505835467084,0.3075790808253182,5.51690178707898
-1.3307068295497224,4.612041696545413,-0.256279114238034,2.2770726981161524,0.4823293830498362,5.420120725461238
-1.2080548321187345,4.54822508955408,-0.15645231808784937,2.219410588180627,0.657049364825588,5.3232349015406975
-1.0858323151950948,4.4835600251063585,-0.0562831870313585,2.162418694600656,0.8317288318723126,5.226250839949067
-0.9639982148703573,4.418122969138768,0.04417170166457201,2.1059962063163855,1.0063575899097439,5.129175065318055
-0.8425114672360792,4.351990387587829,0.144855770733073,2.050042312267964,1.180925444657621,5.032014102279376
-0.7213310083838153,4.285238746390067,0.24571244290727837,1.9944562013955396,1.3554222018356823,4.9347744754647325
-0.6004157744051251,4.217944511482003,0.3466851409203194,1.939137062639261,1.5298376671636622,4.83746270950584
-0.47972470139156415,4.150184148800158,0.4477172875053288,1.8839840849392748,1.7041616463612992,4.740085329034406
-0.35921672543468686,4.082034124281056,0.5487523053954403,1.8288964572357296,1.8783839451483328,4.642648858682141
-0.23885078262605344,4.013570903861219,0.6497336173237847,1.7737733684687733,2.052494369244497,4.5451598230807555
-0.11858580905721856,3.9448709534771687,0.7506046460234955,1.7185140075785534,2.2264827243695295,4.4476247468619565
0.0016192591802611789,3.876010739065426,0.8513088142277044,1.663017563505219,2.4003388162431696,4.350050154657454
0.12180548599483004,3.8070667265625158,0.9517895446695451,1.6071832251889164,2.5740524505851523,4.252442571098962
0.2420139352949298,3.73811538190496,1.0519902600821478,1.5509101815697957,2.747613433115215,4.154808520818187
0.362285670989004,3.669233171029278,1.1518543831986479,1.4940976215880024,2.921011569553097,4.057154528446839
0.48266175698549685,3.600496559871996,1.2513253367521764,1.4366447341836859,3.094236665618536,3.959487118616627
0.603183257192853,3.5319820143696323,1.3503465434758641,1.3784507082969943,3.267278527031265,3.861812815959262
0.7238912355195131,3.463766000458711,1.4488614261028472,1.3194147328680743,3.4401269595110238,3.764138145106454
0.8448197920197461,3.39591257856534,1.5468134075508078,1.2594359972027307,3.6127741684325447,3.6664701670977227
0.9659690426984008,3.328425269439112,1.6441886127933512,1.1984982968782005,3.7852372954295332,3.5688215171089146
1.0873287525507023,3.261289154391566,1.7411356999831293,1.136907457078187,3.95754826776402,3.4712081354270428
1.20888868410017,3.194489310331114,1.8378419911008115,1.0750459082518058,4.129739206710309,3.3736460057077275
1.330638599870328,3.1280108141661693,1.9344948081270608,1.0132960808481735,4.301842233542697,3.276151111606591
1.4525682623846992,3.0618387428051435,2.0312814730425433,0.9520404053164091,4.473889469535487,3.178739436779251
1.574667434166804,2.9959581731564504,2.128389307827927,0.8916613121056268,4.645913035962973,3.08142696488133
1.6969258777401648,2.930354182128502,2.2260056344638772,0.8325412316649452,4.817945054099463,2.9842296795684478
1.819333355628305,2.865011846629712,2.324317774931058,0.7750625944434816,4.990017645219252,2.887163564496226
1.9418796303547479,2.7999162435684903,2.423513051210139,0.719607830890351,5.162162930596642,2.790244603320283
2.0645544644430127,2.735052449853253,2.5237787852817855,0.6665593714546717,5.3344130315059335,2.693488779696241
2.187347620416623,2.67040554239241,2.6252835015855416,0.6162532598073135,5.506800069221427,2.596912077279717
2.3102488607991005,2.6059605980943754,2.727956189709925,0.5684344383709767,5.679356165017421,2.5005304797263364
2.4332479481139706,2.5417026938675606,2.831560699583622,0.5224403336740284,5.8521134401682176,2.4043599706917176
2.556334644884752,2.4776169066203786,2.9358576107941143,0.47760030200887105,6.025104015948114,2.3084165338314806
2.6794987136349664,2.413688313261243,3.040607502928882,0.433243699667908,6.198360013631412,2.212716152801246
2.802729916888139,2.349901990698566,3.1455709555754092,0.38869988294354046,6.371913554492411,2.117274811256635
2.9260180171677916,2.2862430158407583,3.250508548321175,0.3432982081281718,6.545796759805416,2.022108492853265
3.049352776997444,2.222696465596235,3.3551808607536624,0.2963680315142055,6.720041750844721,1.927233181246761
3.17272395890062,2.1592474168734075,3.459348472460354,0.24723870939404252,6.894680648884625,1.8326648600927409
3.296121325400843,2.0958809465806882,3.562817016240168,0.19540898163672463,7.069745575199436,1.7384195130468267
3.4195346390216326,2.0325821316264907,3.6655875813378396,0.14111243277190905,7.245268651063448,1.644513123764637
3.542953662286513,1.969336048919228,3.767714248931333,0.08478187759266381,7.421281997750961,1.5509616759017935
3.6663681577190044,1.9061277753673103,3.869251101167316,0.026850134534061463,7.597817736536278,1.4577811531139158
3.7897678878426326,1.8429423878791509,3.9702522201924633,-0.03224997796882636,7.774907988693702,1.3649875390566233
3.9131426151809174,1.779764963363165,4.070771688153442,-0.09208564148092704,7.952584875497523,1.2725968173855393
4.03648210225738,1.7165805787277628,4.170863587196933,-0.15222403756717084,8.130880518222051,1.1806249717562838
4.159776111595544,1.6533743108813572,4.270581999469601,-0.21223234779248507,8.309827038141583,1.0890879858244757
4.2830144057189345,1.5901312367323606,4.3699810071181195,-0.27167775372179714,8.489456556530417,0.9980018432457365
4.406186747151068,1.5268364331891866,4.469114692289161,-0.33012743692003715,8.669801194662854,0.9073825276756862
4.529282898415471,1.4634749771602473,4.5680504015596615,-0.3871141335299177,8.8508930738132,0.8172460227699436
4.652292622035664,1.4000319455539554,4.6670887820882765,-0.441564738592613,9.032764315255744,0.7276083121841328
4.775205680535169,1.3364924152787225,4.766729740950743,-0.4918887037432257,9.215447040264795,0.6384853795738722
4.89801183643751,1.2728414632429625,4.867479588388248,-0.5364788527079771,9.39897337011465,0.5498932085947826
5.020700852266207,1.2090641663550878,4.969844634641977,-0.5737280092130892,9.58337542607961,0.4618477829024843
5.1432624905447835,1.145145601523511,5.074331189953119,-0.6020289969847851,9.768685329433973,0.37436508615259767
5.265686513796764,1.0810708456566434,5.181445564562864,-0.6197746397492866,9.954935201452047,0.28746110200074193
5.387961732450918,1.0168233160388849,5.291694068712401,-0.6253577612328163,10.142157163408118,0.20115181410254035
5.510035797138529,0.952314683115601,5.405582986759495,-0.6171712783328087,10.330218409379082,0.11539147276126917
5.631800359347168,0.887359003597572,5.523095554358395,-0.5954908995326417,10.513994781208817,0.028266031777874605
5.75314306213393,0.8217633469839521,5.642348504627368,-0.5673110867437815,10.68259763498539,-0.0642962405941312
5.873951548555922,0.7553347827738883,5.761042397923324,-0.5411243776172868,10.824817766955453,-0.16648706379245506
5.994113461670244,0.6878803804665338,5.876877794603185,-0.5254233098042163,10.929445973365663,-0.28249815725480387
6.113516444533991,0.619207209561041,5.9875552550238575,-0.528700420955628,10.98553360537266,-0.41642016625256395
6.232048140204272,0.5491223395565572,6.090739960836365,-0.5577848362694933,10.991605094587102,-0.5686689493894133
6.3495961917381845,0.47743283995223545,6.183912870735945,-0.6108440085883307,10.95812414135059,-0.7350288976310809
6.466048242192823,0.40394578024722827,6.264495171587839,-0.6832350786238622,10.896316531042817,-0.9109887747762666
6.581291934625297,0.32846822994068303,6.329908019031403,-0.770313718929227,10.817408049043483,-1.0920373446236709
6.695214912092704,0.2508072585317545,6.377572568705981,-0.8674356020575613,10.732079742265023,-1.2738940092765612
6.807704817652146,0.1707699355195897,6.405216249780903,-0.9701843140422133,10.644745666563235,-1.4549315692650155
6.918649294360722,0.08816333040334143,6.413610675182027,-1.0764087705856955,10.555807587777196,-1.6352215995264845
7.02793598527553,0.0027945126821630473,6.405271212024969,-1.185255502257996,10.465601776223243,-1.8148634053263302
7.135452533453678,-0.08552944814479901,6.382733824626415,-1.29588636703849,10.374464502217725,-1.9939562919299139
7.2410865819522625,-0.17700148257839168,6.34853447730305,-1.4074632229065496,10.282732036076984,-2.172599564602595
7.344725773828383,-0.27181452111946136,6.305209134371557,-1.5191479278415456,10.190740648117357,-2.350892528609732
7.446257752139144,-0.37016149426886225,6.255293760148622,-1.6301023398228551,10.098826608655195,-2.5289344892166867
7.545531969512802,-0.472219987678553,6.201324318950928,-1.7394883168298485,10.007326188006827,-2.706824751688821
7.641846275703853,-0.5779459539107258,6.145836699418495,-1.8464677589035599,9.916560476756478,-2.884659665289901
7.734083818788956,-0.6871287191038176,6.090843078809171,-1.9504936488174054,9.826631786632234,-3.062492975722539
7.821117637036921,-0.799553547292782,6.036580456500064,-2.0520056265869044,9.737478186336158,-3.240346445078454
7.901820768716567,-0.9150057025125847,5.982910069923902,-2.151652183547636,9.6490337538498,-3.4182410583225997
7.9750662520967035,-1.0332704487981819,5.929693156513407,-2.2500818110351792,9.561232567154708,-3.5961978004199273
8.039727125446143,-1.1541330501845297,5.876790953701305,-2.347943000385116,9.474008704232432,-3.774237656335393
8.094676427033704,-1.2773787707065944,5.824064698920318,-2.4458842429330248,9.38729624306452,-3.952381611033942
8.138787195128197,-1.4027928743993314,5.771375629603172,-2.544554030014484,9.301029261632522,-4.130650649480527
8.170932467998433,-1.5301606252976978,5.718584983182592,-2.644600852965075,9.215141837917992,-4.309065756640106
8.190035331500233,-1.6592634562372879,5.665552233084711,-2.7466600521863653,9.129568049902472,-4.487647917477625
8.196095119095652,-1.789800412082586,5.612058859976532,-2.850785520350667,9.044241975567518,-4.66641811695804
8.190147402766328,-1.9213912124678054,5.557779217406118,-2.956232501374204,8.959097692894675,-4.845397340046303
8.17326979666349,-2.0536523586515343,5.502379883403274,-3.0621982715172003,8.874069279865491,-5.024606571707367
8.14653991493837,-2.1862003518923627,5.445527435997809,-3.167880107039878,8.789090814461519,-5.204066796906178
8.11103537174219,-2.318651693448888,5.386888453219527,-3.272475284202459,8.704096374664307,-5.383799000607693
8.067833781226183,-2.450622884579699,5.32612951309824,-3.375181079265165,8.619020038455405,-5.563824167776863
8.018012757541578,-2.5817304265433854,5.262917193663747,-3.4751947684882243,8.533795883816362,-5.74416328337864
7.962649914839598,-2.711590820598544,5.196918072945859,-3.5717136281318576,8.448357988728725,-5.924837332377977
7.902732755392407,-2.8398490878073184,5.128018012830996,-3.663452393046651,8.362640641191652,-6.105862164975417
7.838748965301087,-2.9663084376878017,5.058353625072626,-3.7441729482456965,8.27658320576834,-6.287129513392967
7.771013923807773,-3.0908266137198654,4.991383427503728,-3.8047282805091354,8.19013026422808,-6.468403553287784
7.699842849045193,-3.213261410373416,4.930582795523052,-3.8359342809837487,8.103226636492746,-6.649442637674341
7.625550959146061,-3.333470622118374,4.879427104529341,-3.82860684081631,8.015817142484215,-6.830005119567107
7.5484534722430965,-3.451312043424647,4.8410752430066255,-3.7763622419414,7.92784660212436,-7.009849351980551
7.468865606469027,-3.566643468762148,4.817118818916912,-3.6866846316989994,7.839259835335056,-7.188733687929148
7.387102579956563,-3.6793226926007954,4.808665172273333,-3.5713431355428242,7.7500016620381835,-7.366416480427364
7.303479610838428,-3.7892075094104967,4.816821502017841,-3.4421081271755627,7.6600169021556175,-7.542656082489672
7.218311917247345,-3.896155713661165,4.842695007092377,-3.310749980299904,7.569250375609238,-7.717210847130547
7.131859389812533,-4.000063962687584,4.8865236190294405,-3.1872364088533773,7.477458577262986,-7.8893432450287015
7.04395448623171,-4.101129149100011,4.944269472719467,-3.072668112449898,7.377976029507125,-8.041405927503188
6.9542305893255945,-4.1996879986758255,5.0105822236413955,-2.965424011648997,7.256280714198988,-8.135064337737617
6.862319970522662,-4.296078017850919,5.0801111776871455,-2.863882302047504,7.09951139092995,-8.13583582074254
6.767854901251401,-4.390636713061165,5.147505640748641,-2.7664211792422537,6.917684117293711,-8.063904550274389
6.670467652940288,-4.483701590742455,5.207414918717803,-2.6714188388300775,6.733339255605163,-7.9698424394015435
6.569790497017811,-4.5756101573306704,5.254488317486556,-2.577253476407808,6.554193579835019,-7.873957812583212
6.465455704912452,-4.66669991926169,5.283375142946824,-2.4823032875722806,6.378531533686649,-7.777259715782048
6.357095898982763,-4.757307593572374,5.288760275001673,-2.3849515971188513,6.204491483824243,-7.680458310021227
6.244564712351635,-4.847272745031577,5.269394053165182,-2.284167903535105,6.030300991108958,-7.5842285798371885
6.128314561246326,-4.93508800682644,5.231797156839142,-2.180042062969895,5.855289726496468,-7.4888108586067625
6.008898283829206,-5.019020118202011,5.183365773891629,-2.072790165769275,5.6795306500706735,-7.394152340679095
5.886868718262649,-5.097335818403328,5.131496092190714,-1.9626283022792999,5.503110643048484,-7.3001947301745105
5.762778702709025,-5.16830184667544,5.0835656187957365,-1.8497756899614919,5.326116586646831,-7.206879731213343
5.637181075330711,-5.230184942263389,5.043632227357926,-1.7350072436839956,5.148635362082625,-7.1141490479159115
5.510628674290084,-5.281251844412218,5.00863959354855,-1.6202887752851174,4.970753850572784,-7.021944384402543
5.3836743377495075,-5.319769292366971,4.974612532078258,-1.5077399113742807,4.792558933334224,-6.930207444793565
5.256870903871363,-5.344004025372693,4.9375758576576985,-1.3994802785609088,4.614137491583864,-6.8388799332092995
5.130771191634871,-5.35222288038369,4.893554386076806,-1.2976295028204305,4.43557640653862,-6.747903553770073
5.005780381366159,-5.343444691024244,4.839468046966692,-1.2037813996703612,4.25696255941541,-6.657220010596212
4.881800187656466,-5.319252690878489,4.775703530007998,-1.1174933300397267,4.078382831431152,-6.5667710078080415
4.758625099745191,-5.281776265272198,4.703486688041016,-1.0378297111168253,3.8999241038027614,-6.476498249525887
4.6360496068717305,-5.233144799531141,4.624043373906047,-0.9638549600899633,3.7216732577471574,-6.386343439870074
4.513868198275485,-5.175487678981092,4.538599440443387,-0.8946334941474435,3.5437171744812566,-6.296248282960928
4.391875363195847,-5.110934288947823,4.448380740493333,-0.8292297304775692,3.366142735221977,-6.206154482918775
4.269865590872215,-5.041614014757104,4.354613126896185,-0.766708086268644,3.189036821186229,-6.116003743863938
4.147633370543993,-4.9696562417347145,4.258522452492235,-0.7061329787089704,3.0124863135909434,-6.025737769916746
4.02498727597797,-4.897150555148001,4.161313353009022,-0.6465848280656389,2.83657809365303,-5.935298265197524
3.9021726775178873,-4.824952240469813,4.063634524344479,-0.5875633740951572,2.661392911097981,-5.844628970857573
3.7799455052352195,-4.7524738434622975,3.965538130073506,-0.5290182930684089,2.4868848186437584,-5.753715719883832
3.6590906390530202,-4.6790461033951845,3.8670469855177663,-0.4709213972751503,2.3128886547299676,-5.662583951153747
3.5403929588943486,-4.603999759538213,3.768183905998921,-0.4132444990051391,2.139234624589404,-5.571260642809063
3.424637344682264,-4.526665551161119,3.668971706838632,-0.35595941054813257,1.965752933454865,-5.47977277299152
3.3126086763398175,-4.446374217533633,3.5694332033585656,-0.29903794419388935,1.7922737865591476,-5.388147319842862
3.2050918337900707,-4.362456497925495,3.469591210880378,-0.24245191223216347,1.6186273891350478,-5.29641126150483
3.1028716969560755,-4.274243131606434,3.369468544725734,-0.18617312695271346,1.4446439464153622,-5.204591576119167
3.006733145760891,-4.181064857846188,3.269088020216296,-0.13017340064529673,1.2701536636328872,-5.112715241827612
2.917449275119862,-4.082261853532147,3.168472452673727,-0.0744245455996705,1.0949867460204203,-5.0208092367719095
2.8351853491673156,-3.9776610559041568,3.067644657419687,-0.018898374105591968,0.9189733988107518,-4.9289005390937985
2.7592175311065557,-3.8678014080696324,2.966627449775841,0.0364333015471818,0.7419438272366898,-4.837016126935027
2.6887513819560986,-3.753278392464741,2.8654436450638525,0.09159866906889177,0.5637282365310258,-4.745182978437334
2.6229924627344534,-3.6346874915256406,2.764116058605378,0.14662591616978415,0.38415683192655614,-4.65342807174246
2.561146334460137,-3.512624187688498,2.662667505722083,0.20154323056010032,0.20305981865607708,-4.561778384992147
2.5024185581516587,-3.3876839633894726,2.56112080173563,0.25637879995008284,0.02026740195238569,-4.470260896328139
2.446014694827535,-3.26046230106473,2.459498761967681,0.3111608120499746,-0.16439021295172135,-4.378902583892178
2.39114030550628,-3.1315546831504384,2.357824201739898,0.36591745457001834,-0.3510828208234477,-4.287730425826004
2.3370294882088856,-3.0015394211770605,2.256119936373947,0.4206769152204553,-0.5399802164299966,-4.19677140027136
2.283221229642676,-2.870811373108654,2.1544087811914823,0.47546738171153136,-0.731117155221975,-4.1060065020978485
2.2294391755533463,-2.7396542863280113,2.0527135515141723,0.5303170417534881,-0.9191776127421811,-4.013594691119942
2.1754095508463975,-2.608350356320168,1.9510570626636765,0.5852540830565682,-1.091835636425287,-3.9153079228336707
2.120858580427336,-2.477181778570166,1.8494621299616585,0.6403066933310144,-1.2362907983152076,-3.8067565854851235
2.065512489201667,-2.3464307485630505,1.7479515687297797,0.6955030602870693,-1.3397426704558613,-3.683551067320385
2.0090975020748947,-2.216379461783853,1.6465481942897033,0.7508713716349762,-1.3896001757111995,-3.541408428991768
1.9513398439525242,-2.0873101137176215,1.5452748219630938,0.8064398150849756,-1.3834876581162499,-3.3812508865772415
1.891965739740059,-1.9595048998493902,1.4441542670716077,0.862236578347314,-1.3336443953096826,-3.2114475347189493
1.8307014143430056,-1.833246015664202,1.343209344936911,0.9182898491322329,-1.2534344519429899,-3.0409405909018887
1.767273092666869,-1.7088156566471,1.242462870880664,0.9746278151499745,-1.1558116697374134,-2.8780553038238375
1.701406999617152,-1.5864960182831191,1.141937660224531,1.0312786641107818,-1.0479553985621217,-2.722432177932381
1.6328293600993613,-1.4665692960573025,1.041656528290173,1.0882705837248978,-0.9327787202184057,-2.5672953180989304
1.5612663990190028,-1.349317685454693,0.9416422903992561,1.1456317617025633,-0.813094829774589,-2.405718601131192
1.4864443412815775,-1.2350233819603251,0.8419177618734357,1.2033903857540253,-0.6917169222989945,-2.2307759038368724
1.4080894117925953,-1.123968581059245,0.7425057580343776,1.2615746435895236,-0.5717977008533113,-2.036334952721149
1.3259278354575554,-1.0164354782364873,0.6434290942037438,1.3202127229193024,-0.46192390967297475,-1.828969543148033
1.2396858371819655,-0.912706268977095,0.5447105857031969,1.3793328114536032,-0.375054209713046,-1.625476042064726
1.1490896418713328,-0.8130631487661112,0.4463730478543986,1.4389630969026699,-0.3242711904573029,-1.4429405905237604
1.0539239752964127,-0.7178045881355591,0.3484385037408718,1.499130253247937,-0.3221172030584157,-1.2987180721719072
0.9542661335761634,-0.62731045121983,0.2508755125006986,1.5597588009511458,-0.3715613494039962,-1.2149256018692984
0.8502846866952593,-0.5419859947085669,0.15356616185517313,1.6206080396041018,-0.4673580432708922,-1.2177655574437323
0.7421482347830247,-0.4622364836777058,0.056384663559735856,1.681422220196654,-0.599939938320262,-1.3166712522916555
0.6300253779687915,-0.38846718320318835,-0.04079477063017501,1.7419455937186508,-0.7453922705226633,-1.461273982006281
0.5140847163818922,-0.3210833583609562,-0.1380979289591219,1.8019224111599417,-0.8825459091350861,-1.6036302784925969
0.39449485015165375,-0.2604902742269473,-0.23565059967166713,1.8610969235103751,-1.008453721602168,-1.7439773473967923
0.2714243794073987,-0.20709319587709868,-0.3335785710123732,1.9192133817598014,-1.123664150830563,-1.8917950240228394
0.1450419042784695,-0.1612973883873557,-0.43200763122579905,1.976016036898067,-1.2287256397269257,-2.05656314367471
0.015516024894189101,-0.12350811683365523,-0.531063568556513,2.031249139915025,-1.3241868360885245,-2.247760375046638
-0.11695780588641665,-0.09399317555322426,-0.6308721712490746,2.084656941800523,-1.4117533713808486,-2.468277733130651
-0.25201924201783854,-0.07217619933592623,-0.7315283446834234,2.1360859277852415,-1.497004980251329,-2.6989477969440476
-0.3892453864694652,-0.05716059742185352,-0.8329690976941416,2.1859052818080853,-1.5863313393213234,-2.915991483827536
-0.5282132227035744,-0.04804916724250255,-0.9350811096938467,2.234650797683987,-1.6861221252121952,-3.0956297111218447
-0.6684997341824229,-0.04394470622937094,-1.0377510385179378,2.2828583406568104,-1.8027667630054236,-3.2140843479677517
-0.8096819043682884,-0.043950011813954803,-1.1408655420018239,2.331063775970427,-1.940336862415277,-3.256347629354337
-0.9513367167234483,-0.04716788142775109,-1.2443112779809042,2.379802968868702,-2.094922917690153,-3.237611478953158
-1.093041154710159,-0.05270111250225616,-1.347974904290582,2.429611784595504,-2.2608988598312343,-3.179563112464979
-1.2343727646681035,-0.059653561220885824,-1.4517430787662584,2.4810260883946986,-2.4326527669050866,-3.103833718084571
-1.3750398032188509,-0.06737494505141056,-1.555502807448375,2.5345787855557718,-2.6062937156530492,-3.0252387055425576
-1.515047956238936,-0.07577443506832265,-1.6591857677806519,2.590423047299417,-2.781278179985504,-2.9453365786404055
-1.6544440678235042,-0.0848386194577404,-1.762811795770975,2.647962643488563,-2.9574479217578062,-2.8641599612841686
-1.7932749820676916,-0.09455408640578171,-1.8664110544532408,2.7065135579907653,-3.134644702825317,-2.781741477379904
-1.9315875430666425,-0.10490742409856496,-1.970013706861337,2.765391774673576,-3.3127102850433903,-2.698113750833663
-2.0694285949154785,-0.11588522072220699,-2.073649916029153,2.823913277404549,-3.4914864302673916,-2.6133094055515
-2.2068449817093443,-0.12747406446282616,-2.1773498449905797,2.8813940500512363,-3.670814900352665,-2.527361065439475
-2.343883547543382,-0.139660543506541,-2.2811436567795074,2.937150076481192,-3.8505374571545747,-2.4403013544036405
-2.480591136512717,-0.15243124603946817,-2.3850615144298217,2.990497340561966,-4.030495862528478,-2.352162896350051
-2.617014592712491,-0.16577276024772616,-2.489133580975421,3.0407518261611166,-4.210531878329733,-2.262978315184761
-2.7532007602378483,-0.17967167431743358,-2.593390019450191,3.087229517146196,-4.390487266413696,-2.172780234813826
-2.8891964831839108,-0.1941145764347068,-2.6978609928880233,3.1292463973847555,-4.570203788635725,-2.0816012791433005
-3.0250486056458232,-0.2090880547856645,-2.802576664322806,3.1661184507443476,-4.749523206851177,-1.9894740720792392
-3.1608039717187286,-0.2245786975564253,-2.907567196788431,3.1971616610925278,-4.928287282915409,-1.8964312375276973
-3.2965094254977503,-0.24057309293310553,-3.0128627533187875,3.221692012296848,-5.106337778683782,-1.8025053993947298
-3.4322118110780315,-0.25705782910182384,-3.118493496947764,3.2390254882248617,-5.283516456011647,-1.7077291815863902
-3.567957972554715,-0.27401949424869887,-3.2244895907092554,3.248478072744122,-5.459665076754367,-1.6121352080087354
-3.7037947540229252,-0.29144467655984707,-3.33088119763715,3.249365749722182,-5.634625530488013,-1.5157561327146871
-3.839766877442528,-0.30928689183545643,-3.437698480765337,3.2410045030265957,-5.80832343486395,-1.4186443727159421
-3.9758463465175526,-0.32636637928986756,-3.5449739519073726,3.2227527032809697,-5.980912542741149,-1.3209061934697675
-4.111915999121374,-0.34011377456466574,-3.652957459134839,3.197890833976143,-6.1525851004162035,-1.2226569463250756
-4.247853218543581,-0.3478747064205435,-3.762289055557062,3.1767411313842326,-6.323533354185701,-1.1240119826307822
-4.383535388073753,-0.3469948036181928,-3.8736494740967355,3.1703599514352954,-6.493949550346231,-1.0250866537358025
-4.5188398910014795,-0.3348196949183041,-3.987396270131893,3.1856497421644665,-6.66402593519438,-0.925996310989053
-4.653639214324047,-0.30901199113976924,-4.10236076496179,3.209938513784539,-6.833954755026737,-0.826856305739449
-4.787749141605745,-0.27090523814070055,-4.216633276523096,3.229072324573799,-7.00392825613989,-0.7277819893359064
-4.920948975838863,-0.2241947049214252,-4.327670345801591,3.2382173708272908,-7.174138684830424,-0.6288887131273405
-5.053017416585221,-0.17261472608901998,-4.432845389939652,3.2337624729590355,-7.34477828739493,-0.5302918284626673
-5.18373413407508,-0.11987063937054754,-4.529531826079654,3.212096451383058,-7.516039310129994,-0.43210668669080277
-5.312936412740935,-0.06794666737831963,-4.615133951681698,3.169656451198738,-7.688113999332206,-0.33444863916066225
-5.440550480981393,-0.016170000282022635,-4.6887787793456175,3.105575498676468,-7.86119460129815,-0.2374330372211616
-5.5665101765939,0.036359488118950525,-4.752191291691225,3.023052189778426,-8.035473362324424,-0.141175232221213
-5.6907493373759035,0.09054192402520714,-4.807311717771344,2.925621960140681,-8.211142528707605,-0.04579057550973922
-5.813201801124831,0.14727743363734608,-4.856080286638798,2.8168202453993025,-8.38839434674428,0.04860558156434755
-5.933801405638132,0.2074661431559745,-4.900437227346411,2.7001824811903625,-8.567421062731041,0.14189788765213163
-6.052481988713252,0.27200817878170036,-4.942322768947011,2.5792441031499185,-8.748414922964477,0.23397099140469732
-6.169177388147622,0.3418036667151214,-4.983677140493411,2.4575405469140534,-8.931568173521631,0.3247095416230664
-6.283795061688728,0.4176858848301173,-5.026440571038442,2.338607248118821,-9.115625110696858,0.41498707231987125
-6.3959384696149115,0.49971776666172735,-5.072484930715025,2.2257608510511235,-9.293630632374313,0.5095695527774465
-6.505016205512098,0.5874684440902348,-5.122889637623021,2.119781657268401,-9.457227519655603,0.6141805355919949
-6.610433671361635,0.680498961314977,-5.178223902851964,2.0198169864097397,-9.598058553642318,0.7345435733597185
-6.711596269144852,0.7783703625352871,-5.239048481196644,1.924987092675867,-9.707767110155872,0.8763814603557076
-6.807909400843094,0.8806436919505033,-5.305924127451857,1.8344122302674815,-9.780246107064889,1.042548622910373
-6.898778468437683,0.9868799937599485,-5.379299902983522,1.7475306174496676,-9.816720982946556,1.2265498655588627
-6.98360887390996,1.0966403121629602,-5.45653531141655,1.6725756929969826,-9.81990869732517,1.4199881698058177
-7.061806019241262,1.2094856913588778,-5.5315799994646975,1.6274879301379466,-9.79252628131223,1.61446681450848
-7.132775306412921,1.3249771755470228,-5.59838128720495,1.6294330915654553,-9.737718862699396,1.8033672691293807
-7.195826964390051,1.4427510683538087,-5.653140546557866,1.6790165205423506,-9.660070108702644,1.9860462825670127
-7.248777116742639,1.5636251586678598,-5.693633728808128,1.7652751952245784,-9.564465518618146,2.1631143274561495
-7.288254815921145,1.6893559288846183,-5.71766900655485,1.8770093651928959,-9.455790591742064,2.3351818764315646
-7.310856368661536,1.8217257555427464,-5.723054552397138,2.003019280028039,-9.338930827370561,2.502859402128032
-7.3132317399172235,1.962487501219753,-5.707598538934105,2.1321051893107628,-9.218771724799806,2.6667573771803235
-7.295279563274284,2.1116071431955885,-5.669109138764856,2.253067342621823,-9.100198783325968,2.827486274223215
-7.26195075669482,2.2662717195319657,-5.605394524488506,2.3547059895419538,-8.988097502245205,2.9856565658914778
-7.218632818374519,2.423428133364937,-5.514262868704156,2.4258213796519152,-8.887353380853687,3.141878724819885
-7.170713246509071,2.5800232878305307,-4.994157935982824,3.468174648392328,-8.037653994410402,4.878343656700084
